,Cap.,City,Conference,Division,Enrollment,FirstPlayed,FormerConferences,JoinedFBS,Nickname,Note,ProgramEstablished,School,Stadium,State,School Long Name
0,,Colorado Springs,Mountain West,FBS,"4,237",1955,WAC,,Falcons,,,Air Force,,Colorado,Air Force
1,,Akron,MAC,FBS,"19,200",1891,"OAC, MCC, OVC",1987,Zips,,,Akron,,Ohio,Akron
2,,Tuscaloosa,SEC,FBS,"38,500",1892,"SIAA, SoCon",,Crimson Tide,,,Alabama,,Alabama,Alabama
3,,Boone,Sun Belt,FBS,"19,100",1928,"NSC, SoCon",2014[n 1],Mountaineers,,,Appalachian State,,North Carolina,Appalachian State
4,,Tucson,Pac-12,FBS,"45,200",1899,"BIAA, WAC",,Wildcats,,,Arizona,,Arizona,Arizona
5,,Tempe,Pac-12,FBS,"51,800",1896,"BIAA, WAC",,Sun Devils,,,Arizona State,,Arizona,Arizona State
6,,Fayetteville,SEC,FBS,"27,800",1894,SWC,,Razorbacks,,,Arkansas,,Arkansas,Arkansas
7,,Jonesboro,Sun Belt,FBS,"22,000",1911,"Arkansas Intercollegiate Conference, Southland, Big West",1992,Red Wolves,,,Arkansas State,,Arkansas,Arkansas State
8,,West Point,Independent,FBS,"4,300",1890,C-USA,,Black Knights,,,Army,,New York,Army
9,,Auburn,SEC,FBS,"30,400",1892,"SIAA, SoCon",,Tigers,,,Auburn,,Alabama,Auburn
10,,Muncie,MAC,FBS,"22,500",1924,"IIC, ICC",,Cardinals,,,Ball State,,Indiana,Ball State
11,,Waco,Big 12,FBS,"17,200",1899,"TIAA, SWC",,Bears,,,Baylor,,Texas,Baylor
12,,Boise,Mountain West,FBS,"25,500",1933[n 2],"ICAC, Big Sky, Big West, WAC",1996,Broncos,,,Boise State,,Idaho,Boise State
13,,Chestnut Hill,ACC,FBS,"14,700",1893,Big East,,Eagles,,,Boston Col.,,Massachusetts,Boston College
14,,Bowling Green,MAC,FBS,"23,000",1919,"Northwest Ohio Intercollegiate Athletic Association, OAC",,Falcons,,,Bowling Green,,Ohio,Bowling Green
15,,Buffalo,MAC,FBS,"31,500",1894,New York State Conference,1999,Bulls,,,Buffalo,,New York,Buffalo
16,,Provo,Independent,FBS,"33,600",1922,"Rocky Mountain, Mountain States, WAC, MW",,Cougars,,,BYU,,Utah,BYU
17,,Berkeley,Pac-12,FBS,"42,500",1882,PCC,,Golden Bears,,,California,,California,California
18,,Mount Pleasant,MAC,FBS,"21,700",1896,"MCC, IIAC",,Chippewas,,,Central Michigan,,Michigan,Central Michigan
19,,Charlotte,C-USA,FBS,"29,700",2013,"Sun Belt, C-USA, A-10",2015,49ers,,,Charlotte,,North Carolina,Charlotte
20,,Cincinnati,American,FBS,"46,000",1885,"OAC, Buckeye Intercollegiate Athletic Association, MAC, MVC, C-USA, Big East",,Bearcats,,,Cincinnati,,Ohio,Cincinnati
21,,Clemson,ACC,FBS,"25,000",1896,"SIAA, SAIAA, SoCon",,Tigers,,,Clemson,,South Carolina,Clemson
22,,Conway,Sun Belt,FBS,"10,600",2003,Big South,2017,Chanticleers,,,Coastal Carolina,,South Carolina,Coastal Carolina
23,,Boulder,Pac-12,FBS,"33,200",1890,"Colorado Football Association, Rocky Mountain, Mountain States, Big Eight, Big 12",,Buffaloes,,,Colorado,,Colorado,Colorado
24,,Fort Collins,Mountain West,FBS,"33,800",1890,"Colorado Football Association, Rocky Mountain, Mountain States, WAC",,Rams,,,Colorado State,,Colorado,Colorado State
25,,Durham,ACC,FBS,"15,900",1888,SoCon,,Blue Devils,,,Duke,,North Carolina,Duke
26,,Greenville,American,FBS,"29,100",1932,"NSC, Carolinas, SoCon, C-USA",,Pirates,,,East Carolina,,North Carolina,East Carolina
27,,Ypsilanti,MAC,FBS,"20,300",1891,"MIAA, MCC, IIAC, PAC",,Eagles,,,East. Michigan,,Michigan,Eastern Michigan
28,,Miami,C-USA,FBS,"56,800",2002,Sun Belt,2006,Panthers,,,Florida International,,Florida,FIU
29,,Gainesville,SEC,FBS,"56,100",1906,"SIAA, SoCon",,Gators,,,Florida,,Florida,Florida
30,,Boca Raton,C-USA,FBS,"30,800",2001,Sun Belt,2006,Owls,,,Florida Atlantic,,Florida,Florida Atlantic
31,,Tallahassee,ACC,FBS,"41,900",1947,Dixie,,Seminoles,,,Florida State,,Florida,Florida State
32,,Fresno,Mountain West,FBS,"25,000",1921,"California Coast Conference, NCAC, CCAA, Big West, WAC",,Bulldogs,,,Fresno State,,California,Fresno State
33,,Athens,SEC,FBS,"38,200",1892,"SIAA, SoCon",,Bulldogs,,,Georgia,,Georgia,Georgia
34,,Statesboro,Sun Belt,FBS,"26,400",1924,SoCon,2014,Eagles,,,Georgia Southern,,Georgia,Georgia Southern
35,,Atlanta,Sun Belt,FBS,"52,800",2010,CAA,2013,Panthers,,,Georgia State,,Georgia,Georgia State
36,,Atlanta,ACC,FBS,"32,700",1892,"SIAA, SoCon, SEC",,Yellow Jackets,,,Georgia Tech,,Georgia,Georgia Tech
37,,Honolulu,Mountain West,FBS,"17,700",1909,WAC,,Rainbow Warriors,,,Hawaii,,Hawai'i,Hawaii
38,,Houston,American,FBS,"42,700",1946,"Lone Star, Gulf Coast, MVC, SWC, C-USA[n 3]",,Cougars,,,Houston,,Texas,Houston
39,,Urbana–Champaign,Big Ten,FBS,"51,200",1890,Illinois Intercollegiate Football League,,Fighting Illini,,,Illinois,,Illinois,Illinois
40,,Bloomington,Big Ten,FBS,"43,700",1887,IIAA,,Hoosiers,,,Indiana,,Indiana,Indiana
41,,Iowa City,Big Ten,FBS,"33,000",1889,"WIUFA, MVC",,Hawkeyes,,,Iowa,,Iowa,Iowa
42,,Ames,Big 12,FBS,"33,400",1892,"MVC, Big 8",,Cyclones,,,Iowa State,,Iowa,Iowa State
43,,Lawrence,Big 12,FBS,"27,700",1890,"KCAC, WIUFA, MVC, Big 8",,Jayhawks,,,Kansas,,Kansas,Kansas
44,,Manhattan,Big 12,FBS,"21,700",1896,"MVC, Big 8",,Wildcats,,,Kansas State,,Kansas,Kansas State
45,,Kent,MAC,FBS,"39,300",1920,OAC,,Golden Flashes,,,Kent State,,Ohio,Kent State
46,,Lexington,SEC,FBS,"29,200",1881,"SIAA, SoCon",,Wildcats,,,Kentucky,,Kentucky,Kentucky
47,,Lynchburg,FBS Independent,FBS,"15,000",1973,Big South,2017,Flames,,,Liberty,,Virginia,Liberty
48,,Lafayette,Sun Belt,FBS,"19,200",1902,"Louisiana Intercollegiate Athletic Association, Louisiana Intercollegiate Conference, Gulf States Conference, SIAA, Southland, Big West",,Ragin' Cajuns,,,Louisiana,,Louisiana,Louisiana
49,,Monroe,Sun Belt,FBS,"8,800",1951,"Gulf States Conference, Southland, Independent",1994,Warhawks,,,La-Monroe,,Louisiana,Louisiana–Monroe
50,,Ruston,C-USA,FBS,"12,400",1901,"Louisiana Intercollegiate Athletic Association, Louisiana Intercollegiate Conference, Gulf States Conference, SIAA, Southland, Big West, WAC",1989,Bulldogs,,,Louisiana Tech,,Louisiana,Louisiana Tech
51,,Louisville,ACC,FBS,"22,600",1910,"KIAC, SIAA, KIAC, OVC, MVC, C-USA, Big East, American",,Cardinals,,,Louisville,,Kentucky,Louisville
52,,Baton Rouge,SEC,FBS,"30,800",1893,"SIAA, SoCon",,Tigers,,,LSU,,Louisiana,LSU
53,,Huntington,C-USA,FBS,"13,200",1895,"WVIAC, Buckeye Conference, OVC, MAC, SoCon",1997[n 1],Thundering Herd,,,Marshall,,West Virginia,Marshall
54,,College Park,Big Ten,FBS,"41,200",1888,"MIFA, SAIAA, SoCon, ACC",,Terrapins,,,Maryland,,Maryland,Maryland
55,,Memphis,American,FBS,"21,500",1912,"Mississippi Valley Conference, SIAA, MVC, C-USA[n 3]",,Tigers,,,Memphis,,Tennessee,Memphis
56,,Coral Gables[n 4],ACC,FBS,"17,300",1926[2],"SIAA, Big East",,Hurricanes,,,Miami (FL),,Florida,Miami (FL)
57,,Oxford,MAC,FBS,"24,300",1888,"OAC, Buckeye Conference",,RedHawks,,,Miami (OH),,Ohio,Miami (OH)
58,,Ann Arbor,Big Ten,FBS,"46,000",1879,,,Wolverines,,,Michigan,,Michigan,Michigan
59,,East Lansing,Big Ten,FBS,"50,300",1885,MIAA,,Spartans,,,Michigan State,,Michigan,Michigan State
60,,Murfreesboro,C-USA,FBS,"21,900",1911,"VSAC, SIAA, OVC, Sun Belt",1999,Blue Raiders,,,Middle Tenn. State,,Tennessee,Middle Tennessee
61,,Minneapolis,Big Ten,FBS,"47,800",1882,,,Golden Gophers,,,Minnesota,,Minnesota,Minnesota
62,,Starkville,SEC,FBS,"22,200",1895,"SIAA, SoCon",,Bulldogs,,,Mississippi State,,Mississippi,Mississippi State
63,,Columbia,SEC,FBS,"30,000",1890,"WIUFA, Big 8, Big 12",,Tigers,,,Missouri,,Missouri,Missouri
64,,Annapolis,American,FBS,"4,600",1879,Independent,,Midshipmen,,,Navy,,Maryland,Navy
65,,Raleigh,ACC,FBS,"35,500",1892,"SAIAA, SIAA, SoCon",,Wolfpack,,,North Carolina State,,North Carolina,NC State
66,,Lincoln,Big Ten,FBS,"25,800",1890,"WIUFA, MVC, Big 8, Big 12",,Cornhuskers,,,Nebraska,,Nebraska,Nebraska
67,,Reno,Mountain West,FBS,"21,600",1896,"NCAC, Big Sky, Big West, WAC",1992,Wolf Pack,,,Nevada,,Nevada,Nevada
68,,Albuquerque,Mountain West,FBS,"26,300",1892,"BIAA, WAC",,Lobos,,,New Mexico,,New Mexico,New Mexico
69,,Las Cruces,Independent,FBS,"21,900",1893,"BIAA, MVC, Big West, Sun Belt, WAC",,Aggies,,,New Mexico State,,New Mexico,New Mexico State
70,,Chapel Hill,ACC,FBS,"29,800",1888,"SAIAA, SIAA, SoCon",,Tar Heels,,,North Carolina,,North Carolina,North Carolina
71,,Denton,C-USA,FBS,"39,400",1913,"TIAA, Lone Star, Gulf Coast Conference, MVC, Southland, Big West, Sun Belt",1995,Mean Green,,,North Texas,,Texas,North Texas
72,,DeKalb,MAC,FBS,"20,000",1899,"IIAC, Big West",,Huskies,,,Northern Illinois,,Illinois,Northern Illinois
73,,Evanston,Big Ten,FBS,"21,200",1876,,,Wildcats,,,Northwestern,,Illinois,Northwestern
74,,South Bend,Independent,FBS,"12,300",1887,,,Fighting Irish,,,Notre Dame,,Indiana,Notre Dame
75,,Athens,MAC,FBS,"34,900",1894,"OAC, Buckeye Conference",,Bobcats,,,Ohio,,Ohio,Ohio
76,,Columbus,Big Ten,FBS,"68,100",1889,OAC,,Buckeyes,,,Ohio State,,Ohio,Ohio State
77,,Norman,Big 12,FBS,"28,500",1895,"Oklahoma Intercollegiate Conference, SWC, MVC, Big 8",,Sooners,,,Oklahoma,,Oklahoma,Oklahoma
78,,Stillwater,Big 12,FBS,"25,300",1901,"Oklahoma Intercollegiate Conference, SWC, MVC, Big 8",,Cowboys,,,Oklahoma State,,Oklahoma,Oklahoma State
79,,Norfolk,C-USA,FBS,"25,000",2009,CAA,2014,Monarchs,,,Old Dominion,,Virginia,Old Dominion
80,,Oxford,SEC,FBS,"23,200",1890,"SIAA, SoCon",,Rebels,,,Mississippi,,Mississippi,Ole Miss
81,,Eugene,Pac-12,FBS,"22,700",1894,"PCC, Independent",,Ducks,,,Oregon,,Oregon,Oregon
82,,Corvallis,Pac-12,FBS,"30,900",1893,"PCC, Independent",,Beavers,,,Oregon State,,Oregon,Oregon State
83,,University Park,Big Ten,FBS,"46,600",1881,,,Nittany Lions,,,Penn State,,Pennsylvania,Penn State
84,,Pittsburgh,ACC,FBS,"28,600",1890,Big East,,Panthers,,,Pittsburgh,,Pennsylvania,Pittsburgh
85,,West Lafayette,Big Ten,FBS,"43,400",1887,IIAA,,Boilermakers,,,Purdue,,Indiana,Purdue
86,,Houston,C-USA,FBS,"7,100",1912,"TIAA, SWC, WAC",,Owls,,,Rice,,Texas,Rice
87,,Piscataway,Big Ten,FBS,"70,900",1869,"Middle Atlantic, Big East, American",,Scarlet Knights,,,Rutgers,,New Jersey,Rutgers
88,,San Diego,Mountain West,FBS,"34,900",1921,"Southern California Junior College Conference, SCIAC, CCAA, Big West, WAC",1969,Aztecs,,,San Diego State,,California,San Diego State
89,,San Jose,Mountain West,FBS,"32,800",1892,"California Coast Conference, NCAC, California Collegiate, Big West, WAC",,Spartans,,,San Jose State,,California,San Jose State
90,,University Park,American,FBS,"11,800",1915,"TIAA, SWC, WAC, C-USA[n 3]",,Mustangs,,,SMU,,Texas,SMU
91,,Mobile,Sun Belt,FBS,"15,100",2009,,2012,Jaguars,,,South Alabama,,Alabama,South Alabama
92,,Columbia,SEC,FBS,"50,100",1892,"SIAA, SoCon, ACC",,Gamecocks,,,South Carolina,,South Carolina,South Carolina
93,,Tampa,American,FBS,"50,700",1997,"C-USA, Big East",2001,Bulls,,,South Florida,,Florida,South Florida
94,,Hattiesburg,C-USA,FBS,"14,500",1912,"Gulf States Conference, SIAA",,Golden Eagles,,,Southern Miss,,Mississippi,Southern Miss
95,,Stanford,Pac-12,FBS,"16,500",1891,PCC,,Cardinal,,,Stanford,,California,Stanford
96,,Syracuse,ACC,FBS,"22,900",1889,Big East,,Orange,,,Syracuse,,New York,Syracuse
97,,Fort Worth,Big 12,FBS,"10,400",1896,"TIAA, SWC, WAC, C-USA, MW",,Horned Frogs,,,TCU,,Texas,TCU
98,,Philadelphia,American,FBS,"40,000",1894,"Middle Atlantic, Big East, MAC, Big East",,Owls,,,Temple,,Pennsylvania,Temple
99,,Knoxville,SEC,FBS,"28,900",1891,"SIAA, SoCon",,Volunteers,,,Tennessee,,Tennessee,Tennessee
100,,Austin,Big 12,FBS,"51,800",1893,"SIAA, TIAA, SWC",,Longhorns,,,Texas,,Texas,Texas
101,,College Station,SEC,FBS,"69,400",1894,"SIAA, SWC, Big 12",,Aggies,,,Texas A&M,,Texas,Texas A&M
102,,San Marcos,Sun Belt,FBS,"38,800",1904,"TIAA, Lone Star, Gulf Star, Southland, WAC",2012,Bobcats,,,Texas State,,Texas,Texas State
103,,Lubbock,Big 12,FBS,"38,200",1925,"BIAA, SWC",,Red Raiders,,,Texas Tech,,Texas,Texas Tech
104,,Toledo,MAC,FBS,"23,100",1917,"Northwestern Ohio Intercollegiate Athletic Association, OAC",,Rockets,,,Toledo,,Ohio,Toledo
105,,Troy,Sun Belt,FBS,"18,100",1909,"Alabama Intercollegiate Conference, SIAA, Alabama Collegiate Conference, Mid-South Athletic Conference, Gulf South, Southland",2002,Trojans,,,Troy,,Alabama,Troy
106,,New Orleans,American,FBS,"14,100",1893,"SIAA, SoCon, SEC, C-USA",,Green Wave,,,Tulane,,Louisiana,Tulane
107,,Tulsa,American,FBS,"4,300",1895,"Oklahoma Intercollegiate Conference, Big 4 Conference, MVC, WAC, C-USA",,Golden Hurricane,,,Tulsa,,Oklahoma,Tulsa
108,,Birmingham,C-USA,FBS,"21,900",1991,,1999,Blazers,,,Ala-Birmingham,,Alabama,UAB
109,,Orlando,American,FBS,"68,600",1979,"MAC, C-USA",1996,Knights,,,Central Florida,,Florida,UCF
110,,Los Angeles,Pac-12,FBS,"45,400",1919,"SCIAC, PCC",,Bruins,,,UCLA,,California,UCLA
111,,Storrs[n 5],American,FBS,"32,200",1896,"Yankee, A-10, Big East",2000,Huskies,,,Connecticut,,Connecticut,UConn
112,,Amherst,Independent,FBS,"30,600",1879,"Yankee, A-10, CAA, MAC",2012,Minutemen,,,Massachusetts,,Massachusetts,UMass
113,,Las Vegas[n 6],Mountain West,FBS,"30,500",1968,"Big West, WAC",1978,Rebels,,,UNLV,,Nevada,UNLV
114,,Los Angeles,Pac-12,FBS,"45,700",1888,PCC,,Trojans,,,USC,,California,USC
115,,El Paso,C-USA,FBS,"25,100",1914,"BIAA, WAC",,Miners,,,Texas-El Paso,,Texas,UTEP
116,,San Antonio,C-USA,FBS,"30,700",2011,WAC,2012,Roadrunners,,,Texas-San Antonio,,Texas,UTSA
117,,Salt Lake City,Pac-12,FBS,"33,000",1892,"Colorado Football Association, RMAC, Mountain States, WAC, MW",,Utes,,,Utah,,Utah,Utah
118,,Logan,Mountain West,FBS,"29,400",1892,"Colorado Football Association, RMAC, Mountain States, Big West, Independent, Sun Belt, WAC",,Aggies,,,Utah State,,Utah,Utah State
119,,Nashville,SEC,FBS,"13,100",1890,"SIAA, SoCon",,Commodores,,,Vanderbilt,,Tennessee,Vanderbilt
120,,Charlottesville,ACC,FBS,"24,400",1888,"SAIAA, SoCon",,Cavaliers,,,Virginia,,Virginia,Virginia
121,,Blacksburg,ACC,FBS,"33,400",1892,"SAIAA, SIAA, SoCon, Big East",,Hokies,,,Virginia Tech,,Virginia,Virginia Tech
122,,Winston-Salem,ACC,FBS,"8,100",1888,"Big Five Conference, SoCon",,Demon Deacons,,,Wake Forest,,North Carolina,Wake Forest
123,,Seattle,Pac-12,FBS,"47,900",1889,PCC,,Huskies,,,Washington,,Washington,Washington
124,,Pullman,Pac-12,FBS,"30,600",1893,"PCC, Independent",,Cougars,,,Washington State,,Washington,Washington State
125,,Morgantown,Big 12,FBS,"30,000",1891,"SoCon, WVIAC, Big East",,Mountaineers,,,West Virginia,,West Virginia,West Virginia
126,,Bowling Green,C-USA,FBS,"20,300",1913,"SIAA, KIAC, OVC, MVFC, Sun Belt",2009,Hilltoppers,,,Western Kentucky,,Kentucky,Western Kentucky
127,,Kalamazoo,MAC,FBS,"22,900",1905,MCC,,Broncos,,,West. Michigan,,Michigan,Western Michigan
128,,Madison,Big Ten,FBS,"44,400",1889,,,Badgers,,,Wisconsin,,Wisconsin,Wisconsin
129,,Laramie,Mountain West,FBS,"12,400",1893,"Colorado Football Association, RMAC, WAC",,Cowboys,,,Wyoming,,Wyoming,Wyoming
130,,Abilene,Southland,FCS,,,,,Wildcats,,1919.0,Abilene Christian,,Texas,Abilene Christian University
131,,Normal,SWAC,FCS,,,,,Bulldogs,,1912.0,Alabama A&M,,Alabama,Alabama A&M University
132,,Montgomery,SWAC,FCS,,,,,Hornets,,1901.0,Alabama State,,Alabama,Alabama State University
133,,Albany,CAA,FCS,,,,,Great Danes,,1973.0,Albany (NY),,New York,"University at Albany, SUNY"
134,,Lorman,SWAC,FCS,,,,,Braves,,1921.0,Alcorn State,,Mississippi,Alcorn State University
135,,Pine Bluff,SWAC,FCS,,,,,Golden Lions,,1916.0,Ark-Pine Bluff,,Arkansas,University of Arkansas at Pine Bluff
136,,Clarksville,Ohio Valley,FCS,,,,,Governors,,1930.0,Austin Peay State,,Tennessee,Austin Peay State University
137,,Daytona Beach,MEAC,FCS,,,,,Wildcats,,1925.0,Bethune-Cookman,,Florida,Bethune–Cookman University
138,,Providence,Ivy,FCS,,,,,Bears,,1878.0,Brown,,Rhode Island,Brown University
139,,Smithfield,Northeast,FCS,,,,,Bulldogs,,1999.0,Bryant,,Rhode Island,Bryant University
140,,Lewisburg,Patriot,FCS,,,,,Bison,,1883.0,Bucknell,,Pennsylvania,Bucknell University
141,,Indianapolis,Pioneer,FCS,,,,,Bulldogs,,1887.0,Butler,,Indiana,Butler University
142,,San Luis Obispo,Big Sky,FCS,,,,,Mustangs,,1915.0,Cal Poly-San Luis Obispo,,California,California Polytechnic State University
143,,Buies Creek,Big South,FCS,,,,,Fighting Camels,,19252008.0,Campbell,,North Carolina,Campbell University
144,,Conway,Southland,FCS,,,,,Bears,,1908.0,Central Arkansas,,Arkansas,University of Central Arkansas
145,,New Britain,Northeast,FCS,,,,,Blue Devils,,1935.0,Central Connecticut State,,Connecticut,Central Connecticut State University
146,,North Charleston,Big South,FCS,,,,,Buccaneers,,1985.0,Charleston Southern,,South Carolina,Charleston Southern University
147,,Chattanooga,Southern,FCS,,,,,Mocs,,1899.0,Tenn-Chattanooga,,Tennessee,University of Tennessee at Chattanooga
148,,Charleston,Southern,FCS,,,,,Bulldogs,,1905.0,The Citadel,,South Carolina,"The Citadel, The Military College of South Carolina"
149,,Hamilton,Patriot,FCS,,,,,Raiders,,1890.0,Colgate,,New York,Colgate University
150,,New York,Ivy,FCS,,,,,Lions,,1870.0,Columbia,,New York,Columbia University
151,,Ithaca,Ivy,FCS,,,,,Big Red,,1887.0,Cornell,,New York,Cornell University
152,,Hanover,Ivy,FCS,,,,,Big Green,,1881.0,Dartmouth,,New Hampshire,Dartmouth College
153,,Davidson,Pioneer,FCS,,,,,Wildcats,,1896.0,Davidson College,,North Carolina,Davidson College
154,,Dayton,Pioneer,FCS,,,,,Flyers,,1903.0,Dayton,,Ohio,University of Dayton
155,,Newark,CAA,FCS,,,,,Fightin' Blue Hens,,1888.0,Delaware,,Delaware,University of Delaware
156,,Dover,MEAC,FCS,,,,,Hornets,,1924.0,Delaware State,,Delaware,Delaware State University
157,,Des Moines,Pioneer,FCS,,,,,Bulldogs,,1893.0,Drake,,Iowa,Drake University
158,,Pittsburgh,Northeast,FCS,,,,,Dukes,,1891.0,Duquesne,,Pennsylvania,Duquesne University
159,,Johnson City,Southern,FCS,,,,,Buccaneers,,19202015.0,East Tennessee State,,Tennessee,East Tennessee State University
160,,Charleston,Ohio Valley,FCS,,,,,Panthers,,1899.0,East. Illinois,,Illinois,Eastern Illinois University
161,,Richmond,Ohio Valley,FCS,,,,,Colonels,,1906.0,East. Kentucky,,Kentucky,Eastern Kentucky University
162,,Cheney,Big Sky,FCS,,,,,Eagles,,1901.0,East. Washington,,Washington,Eastern Washington University
163,,Elon,CAA,FCS,,,,,Phoenix,,1909.0,Elon,,North Carolina,Elon University
164,,Tallahassee,MEAC,FCS,,,,,Rattlers,,1907.0,Florida A&M,,Florida,Florida A&M University
165,,New York,Patriot,FCS,,,,,Rams,,1881.0,Fordham,,New York,Fordham University
166,,Greenville,Southern,FCS,,,,,Paladins,,1889.0,Furman,,South Carolina,Furman University
167,,Boiling Springs,Big South,FCS,,,,,Runnin' Bulldogs,,1946.0,Gardner-Webb,,North Carolina,Gardner–Webb University
168,,Washington,Patriot,FCS,,,,,Hoyas,,1881.0,Georgetown,,D.C.,Georgetown University
169,,Grambling,SWAC,FCS,,,,,Tigers,,1927.0,Grambling State,,Louisiana,Grambling State University
170,,Hampton,Big South,FCS,,,,,Pirates,,1902.0,Hampton,,Virginia,Hampton University
171,,Cambridge[n 1],Ivy,FCS,,,,,Crimson,,1873.0,Harvard,,Massachusetts,Harvard University
172,,Worcester,Patriot,FCS,,,,,Crusaders,,1891.0,College of the Holy Cross,,Massachusetts,College of the Holy Cross
173,,Houston,Southland,FCS,,,,,Huskies,,2013.0,Houston Baptist,,Texas,Houston Baptist University
174,,Washington,MEAC,FCS,,,,,Bison,,1882.0,Howard,,D.C.,Howard University
175,,Moscow,Big Sky[n 2],FCS,,,,,Vandals,,1893.0,Idaho,,Idaho,University of Idaho
176,,Pocatello,Big Sky,FCS,,,,,Bengals,,1902.0,Idaho State,,Idaho,Idaho State University
177,,Normal,Missouri Valley,FCS,,,,,Redbirds,,1887.0,Illinois State,,Illinois,Illinois State University
178,,San Antonio,Southland,FCS,,,,,Cardinals,,2009.0,the Incarnate Word,,Texas,University of the Incarnate Word
179,,Terre Haute,Missouri Valley,FCS,,,,,Sycamores,,1895.0,Indiana State,,Indiana,Indiana State University
180,,Jackson,SWAC,FCS,,,,,Tigers,,1911.0,Jackson State,,Mississippi,Jackson State University
181,,Jacksonville,Pioneer,FCS,,,,,Dolphins,,1998.0,Jacksonville,,Florida,Jacksonville University
182,,Jacksonville,Ohio Valley,FCS,,,,,Gamecocks,,1904.0,Jacksonville State,,Alabama,Jacksonville State University
183,,Harrisonburg,CAA,FCS,,,,,Dukes,,1972.0,James Madison,,Virginia,James Madison University
184,,Kennesaw,Big South,FCS,,,,,Owls,,2015.0,Kennesaw State,,Georgia,Kennesaw State University
185,,Easton,Patriot,FCS,,,,,Leopards,,1882.0,Lafayette College,,Pennsylvania,Lafayette College
186,,Beaumont,Southland,FCS,,,,,Cardinals,,19232009.0,Lamar,,Texas,Lamar University
187,,Bethlehem,Patriot,FCS,,,,,Mountain Hawks,,1884.0,Lehigh,,Pennsylvania,Lehigh University
188,,Orono,CAA,FCS,,,,,Black Bears,,1892.0,Maine,,Maine,University of Maine
189,,Poughkeepsie,Pioneer,FCS,,,,,Red Foxes,,1965.0,Marist,,New York,Marist College
190,,Lake Charles,Southland,FCS,,,,,Cowboys,,1950.0,McNeese State,,Louisiana,McNeese State University
191,,Macon,Southern,FCS,,,,,Bears,,18912013.0,Mercer,,Georgia,Mercer University
192,,Itta Bena,SWAC,FCS,,,,,Delta Devils,,1953.0,Mississippi Valley State,,Mississippi,Mississippi Valley State University
193,,Springfield,Missouri Valley,FCS,,,,,Bears,,1909.0,SW Missouri State,,Missouri,Missouri State UniversitySouthwest Missouri State
194,,West Long Branch,Big South,FCS,,,,,Hawks,,1993.0,Monmouth,,New Jersey,Monmouth University
195,,Missoula,Big Sky,FCS,,,,,Grizzlies,,1897.0,Montana,,Montana,University of Montana
196,,Bozeman,Big Sky,FCS,,,,,Bobcats,,1897.0,Montana State,,Montana,Montana State University
197,,Morehead,Pioneer,FCS,,,,,Eagles,,1924.0,Morehead State,,Kentucky,Morehead State University
198,,Baltimore,MEAC,FCS,,,,,Bears,,1897.0,Morgan State,,Maryland,Morgan State University
199,,Murray,Ohio Valley,FCS,,,,,Racers,,1924.0,Murray State,,Kentucky,Murray State University
200,,Durham,CAA,FCS,,,,,Wildcats,,1893.0,New Hampshire,,New Hampshire,University of New Hampshire
201,,Thibodaux,Southland,FCS,,,,,Colonels,,1972.0,Nicholls State,,Louisiana,Nicholls State University
202,,Norfolk,MEAC,FCS,,,,,Spartans,,1938.0,Norfolk State,,Virginia,Norfolk State University
203,,Greensboro,MEAC,FCS,,,,,Aggies,,1901.0,North Carolina A&T,,North Carolina,North Carolina A&T State University
204,,Durham,MEAC,FCS,,,,,Eagles,,1921.0,North Carolina Central,,North Carolina,North Carolina Central University
205,,Grand Forks,Independent[1][2][n 4],FCS,,,,,Fighting Hawks,,1894.0,North Dakota,,North Dakota,University of North Dakota
206,,Fargo,Missouri Valley,FCS,,,,,Bison,,1894.0,North Dakota State,,North Dakota,North Dakota State University
207,,Flagstaff,Big Sky,FCS,,,,,Lumberjacks,,1915.0,Northern Arizona,,Arizona,Northern Arizona University
208,,Greeley,Big Sky,FCS,,,,,Bears,,1892.0,Northern Colorado,,Colorado,University of Northern Colorado
209,,Cedar Falls,Missouri Valley,FCS,,,,,Panthers,,1895.0,Northern Iowa,,Iowa,University of Northern Iowa
210,,Natchitoches,Southland,FCS,,,,,Demons,,1907.0,NW State (LA),,Louisiana,Northwestern State University
211,,Philadelphia,Ivy,FCS,,,,,Quakers,,1876.0,Pennsylvania,,Pennsylvania,University of Pennsylvania
212,,Portland,Big Sky,FCS,,,,,Vikings,,1947.0,Portland State,,Oregon,Portland State University
213,,Prairie View,SWAC,FCS,,,,,Panthers,,1906.0,Prairie View,,Texas,Prairie View A&M University
214,,Clinton,Big South[n 5],FCS,,,,,Blue Hose,,1913.0,Presbyterian,,South Carolina,Presbyterian College
215,,Princeton,Ivy,FCS,,,,,Tigers,,1869.0,Princeton,,New Jersey,Princeton University
216,,Kingston,CAA,FCS,,,,,Rams,,1895.0,Rhode Island,,Rhode Island,University of Rhode Island
217,,Richmond,CAA,FCS,,,,,Spiders,,1881.0,Richmond,,Virginia,University of Richmond
218,,Moon Township,Northeast,FCS,,,,,Colonials,,1994.0,Robert Morris,,Pennsylvania,Robert Morris University
219,,Sacramento,Big Sky,FCS,,,,,Hornets,,1954.0,Sacramento State,,California,"California State University, Sacramento"
220,,Fairfield,Northeast,FCS,,,,,Pioneers,,1991.0,Sacred Heart,,Connecticut,Sacred Heart University
221,,Loretto,Northeast,FCS,,,,,Red Flash,,1909.0,Saint Francis,,Pennsylvania,Saint Francis University
222,,Huntsville,Southland,FCS,,,,,Bearkats,,1912.0,Sam Houston State,,Texas,Sam Houston State University
223,,Birmingham,Southern,FCS,,,,,Bulldogs,,1902.0,Samford,,Alabama,Samford University
224,,San Diego,Pioneer,FCS,,,,,Toreros,,1956.0,San Diego,,California,University of San Diego
225,,Orangeburg,MEAC,FCS,,,,,Bulldogs,,1906.0,South Carolina State,,South Carolina,South Carolina State University
226,,Vermillion,Missouri Valley,FCS,,,,,Coyotes,,1889.0,South Dakota,,South Dakota,University of South Dakota
227,,Brookings,Missouri Valley,FCS,,,,,Jackrabbits,,1889.0,South Dakota State,,South Dakota,South Dakota State University
228,,Cape Girardeau,Ohio Valley,FCS,,,,,Redhawks,,1902.0,SE Missouri State,,Missouri,Southeast Missouri State University
229,,Hammond,Southland,FCS,,,,,Lions,,1930.0,SE Louisiana,,Louisiana,Southeastern Louisiana University
230,,Baton Rouge,SWAC,FCS,,,,,Jaguars,,1915.0,Southern,,Louisiana,Southern University
231,,Carbondale,Missouri Valley,FCS,,,,,Salukis,,1904.0,Southern Illinois,,Illinois,Southern Illinois University Carbondale
232,,Cedar City,Big Sky,FCS,,,,,Thunderbirds,,1929.0,Southern Utah,,Utah,Southern Utah University
233,,Nacogdoches,Southland,FCS,,,,,Lumberjacks,,1923.0,S.F. Austin,,Texas,Stephen F. Austin State University
234,,DeLand,Pioneer,FCS,,,,,Hatters,,1901.0,Stetson,,Florida,Stetson University
235,,Stony Brook,CAA,FCS,,,,,Seawolves,,1969.0,Stony Brook,,New York,Stony Brook University
236,,Nashville,Ohio Valley,FCS,,,,,Tigers,,1916.0,Tennessee State,,Tennessee,Tennessee State University
237,,Cookeville,Ohio Valley,FCS,,,,,Golden Eagles,,1917.0,Tennessee Tech,,Tennessee,Tennessee Technological University
238,,Houston,SWAC,FCS,,,,,Tigers,,1947.0,Texas Southern,,Texas,Texas Southern University
239,,Towson,CAA,FCS,,,,,Tigers,,1968.0,Towson,,Maryland,Towson University
240,,Davis,Big Sky,FCS,,,,,Aggies,,1915.0,California-Davis,,California,"University of California, Davis"
241,,Martin,Ohio Valley,FCS,,,,,Skyhawks,,1953.0,Tenn-Martin,,Tennessee,University of Tennessee at Martin
242,,Valparaiso,Pioneer,FCS,,,,,Crusaders,,1906.0,Valparaiso,,Indiana,Valparaiso University
243,,Villanova,CAA,FCS,,,,,Wildcats,,1894.0,Villanova,,Pennsylvania,Villanova University
244,,Lexington,Southern,FCS,,,,,Keydets,,1873.0,Virginia Military Institute,,Virginia,Virginia Military Institute
245,,New York,Northeast,FCS,,,,,Seahawks,,1927.0,Wagner,,New York,Wagner College
246,,Ogden,Big Sky,FCS,,,,,Wildcats,,1962.0,Weber State,,Utah,Weber State University
247,,Cullowhee,Southern,FCS,,,,,Catamounts,,1931.0,West. Carolina,,North Carolina,Western Carolina University
248,,Macomb,Missouri Valley,FCS,,,,,Leathernecks,,1903.0,West. Illinois,,Illinois,Western Illinois University
249,,Williamsburg,CAA,FCS,,,,,Tribe,,1893.0,William & Mary,,Virginia,College of William & Mary
250,,Spartanburg,Southern,FCS,,,,,Terriers,,1889.0,Wofford College,,South Carolina,Wofford College
251,,New Haven,Ivy,FCS,,,,,Bulldogs,,1872.0,Yale,,Connecticut,Yale University
252,,Youngstown,Missouri Valley,FCS,,,,,Penguins,,1938.0,Youngstown State,,Ohio,Youngstown State University
253,"6,000",Alamosa,RMAC,DII,,,,,Grizzlies,,,Adams State,Rex Stadium,Colorado,Adams State University
254,"11,000",Albany,SIAC,DII,,,,,Golden Rams,,,Albany State (GA),Albany State University Coliseum,Georgia,Albany State University
255,"2,000",Philippi,G-MAC,DII,,,,,Battlers,,,Alderson Broaddus,Multi-Sport Performance Stadium,West Virginia,Alderson Broaddus University
256,"4,000",Springfield,NE-10,DII,,,,,Yellow Jackets,,,American International College,Ronald J. Abdow Field,Massachusetts,American International College
257,"5,670",San Angelo,LSC,DII,,,,,Rams,,,Angelo State (TX),LeGrand Stadium at 1st Community Credit Union Field,Texas,Angelo State University
258,"6,500",Russellville,GAC,DII,,,,,Wonder Boys,,,Arkansas Tech,Thone Stadium at Buerkle Field,Arkansas,Arkansas Tech University
259,"5,000",Monticello,GAC,DII,,,,,Boll Weevils,,,Arkansas A&M,Willis Convoy Leslie Cotton Boll Stadium,Arkansas,University of Arkansas at Monticello
260,"6,000",Ashland,GLIAC,DII,,,,,Eagles,,,Ashland,Jack Miller Stadium,Ohio,Ashland University
261,"1,200",Worcester,NE-10,DII,,,,,Greyhounds,,,Assumption College,Greyhound Stadium,Massachusetts,Assumption College
262,"6,500",Sioux Falls,NSIC,DII,,,,,Vikings,,,Augustana,Kirkeby–Over Stadium,South Dakota,Augustana University
263,"10,000",Azusa,GNAC,DII,,,,,Cougars,[D2 1],,Azusa Pacific,Citrus Stadium,California,Azusa Pacific University
264,"4,000",Bemidji,NSIC,DII,,,,,Beavers,,,Bemidji State,Chet Anderson Stadium,Minnesota,Bemidji State University
265,"11,000",Columbia,SIAC,DII,,,,,Tigers,,,Benedict College,Charlie W. Johnson Stadium,South Carolina,Benedict College
266,"3,100",Waltham,NE-10,DII,,,,,Falcons,,,Bentley College,Bentley Athletic Field,Massachusetts,Bentley University
267,"4,200",Spearfish,RMAC,DII,,,,,Yellow Jackets,,,Black Hills State,Lyle Hare Stadium,South Dakota,Black Hills State University
268,"4,775",Bloomsburg,PSAC,DII,,,,,Huskies,,,Bloomsburg,Robert B. Redman Stadium,Pennsylvania,Bloomsburg University of Pennsylvania
269,"2,964",Bowie,CIAA,DII,,,,,Bulldogs,,,Bowie State,Bulldog Stadium,Maryland,Bowie State University
270,"6,500",California,PSAC,DII,,,,,Vulcans,,,California (PA),Hepner–Bailey Field at Adamson Stadium,Pennsylvania,California University of Pennsylvania
271,"5,500",Jefferson City,SAC,DII,,,,,Eagles,,,Carson-Newman,Burke–Tarr Stadium,Tennessee,Carson–Newman University
272,"4,500",Salisbury,SAC,DII,,,,,Indians,,,Catawba College,Shuford Stadium,North Carolina,Catawba College
273,"10,000",Warrensburg,MIAA,DII,,,,,Mules,,,Central Missouri State,Audrey J. Walton Stadium,Missouri,University of Central Missouri
274,"10,000",Edmond,MIAA,DII,,,,,Bronchos,,,Central Oklahoma,Wantland Stadium,Oklahoma,University of Central Oklahoma
275,"7,000",Wilberforce,SIAC,DII,,,,,Marauders,,,Central State,McPherson Stadium,Ohio,Central State University
276,"4,000",Ellensburg,GNAC,DII,,,,,Wildcats,,,Central Washington,Tomlinson Stadium,Washington,Central Washington University
277,"3,800",Chadron,RMAC,DII,,,,,Eagles,,,Chadron State,Elliot Field,Nebraska,Chadron State College
278,"22,500",Charleston,MEC,DII,,,,,Golden Eagles,,,Charleston (WV),University of Charleston Stadium,West Virginia,University of Charleston
279,"5,000",Murfreesboro,CIAA,DII,,,,,Hawks,[D2 2],,Chowan,Garrison Stadium,North Carolina,Chowan University
280,"5,000",Clarion,PSAC,DII,,,,,Golden Eagles,,,Clarion,Memorial Field,Pennsylvania,Clarion University of Pennsylvania
281,"6,000",Atlanta,SIAC,DII,,,,,Panthers,,,Clark Atlanta,Panther Stadium,Georgia,Clark Atlanta University
282,"8,000",Grand Junction,RMAC,DII,,,,,Mavericks,,,Colorado Mesa,Stocker Stadium,Colorado,Colorado Mesa University
283,"4,000",Golden,RMAC,DII,,,,,Orediggers,,,Colorado School of Mines,Harry D. Campbell Field,Colorado,Colorado School of Mines
284,"6,500",Pueblo,RMAC,DII,,,,,ThunderWolves,,,Colorado Pueblo,Neta and Eddie DeRose ThunderBowl,Colorado,Colorado State University–Pueblo
285,"5,000",Athens,MEC,DII,,,,,Mountain Lions,,,Concord,Callaghan Stadium,West Virginia,Concord University
286,"3,500",St. Paul,NSIC,DII,,,,,Golden Bears,,,Concordia-StatePaul (MN),Sea Foam Stadium,Minnesota,Concordia University–St. Paul
287,"2,300",Grand Rapids,GLIAC,DII,,,,,Panthers,,,Davenport,Meyering Field,Michigan,Davenport University
288,"8,000",Cleveland,Gulf South,DII,,,,,Statesmen,,,Delta State,Parker Field at McCool Stadium,Mississippi,Delta State University
289,"10,000",St. George,RMAC,DII,,,,,Trailblazers,[D2 3],,Dixie State,Trailblazer Stadium,Utah,Dixie State University
290,"5,000",Ada,GAC,DII,,,,,Tigers,,,East Central (OK),Norris Field,Oklahoma,East Central University
291,"6,000",East Stroudsburg,PSAC,DII,,,,,Warriors,,,East Stroudsburg Pennsylvania,Eiler-Martin Stadium,Pennsylvania,East Stroudsburg University of Pennsylvania
292,"5,200",Portales,LSC,DII,,,,,Greyhounds,,,Eastern New Mexico,Greyhound Stadium,New Mexico,Eastern New Mexico University
293,"6,000",Edinboro,PSAC,DII,,,,,Fighting Scots,,,Edinboro Pennsylvania,Sox Harrison Stadium,Pennsylvania,Edinboro University of Pennsylvania
294,"6,500",Elizabeth City,CIAA,DII,,,,,Vikings,,,Elizabeth City State,Roebuck Stadium,North Carolina,Elizabeth City State University
295,"7,000",Emporia,MIAA,DII,,,,,Hornets,,,Emporia State,Francis G. Welch Stadium,Kansas,Emporia State University
296,"5,000",Fairmont,MEC,DII,,,,,Falcons,,,Fairmont State,Duvall-Rosier Field,West Virginia,Fairmont State University
297,"5,520",Fayetteville,CIAA,DII,,,,,Broncos,,,Fayetteville State,"Luther ""Nick"" Jeralds Stadium",North Carolina,Fayetteville State University
298,"6,200",Big Rapids,GLIAC,DII,,,,,Bulldogs,,,Ferris State,Top Taggart Field,Michigan,Ferris State University
299,"7,500",Findlay,G-MAC,DII,,,,,Oilers,,,Findlay,Donnell Stadium,Ohio,University of Findlay
300,"4,980",Melbourne,Gulf South,DII,,,,,Panthers,[D2 4],,Florida Institute of Technology,Florida Tech Panther Stadium,Florida,Florida Institute of Technology
301,"6,100",Hays,MIAA,DII,,,,,Tigers,,,Fort Hays State,Lewis Field Stadium,Kansas,Fort Hays State University
302,"4,000",Durango,RMAC,DII,,,,,Skyhawks,,,Fort Lewis College,Ray Dennison Memorial Field,Colorado,Fort Lewis College
303,"10,000",Fort Valley,SIAC,DII,,,,,Wildcats,,,Fort Valley State,Wildcat Stadium,Georgia,Fort Valley State University
304,,Rindge,NE-10,DII,,,,,Ravens,,,Franklin Pierce,Sodexo Field,New Hampshire,Franklin Pierce University
305,,Frostburg,MEC,DII,,,,,Bobcats,[D2 5],,Frostburg State,Bobcat Stadium,Maryland,Frostburg State University
306,"2,500",Erie,PSAC,DII,,,,,Golden Knights,,,Gannon,Gannon Field,Pennsylvania,Gannon University
307,"5,500",Glenville,MEC,DII,,,,,Pioneers,,,Glenville State College,Morris Stadium,West Virginia,Glenville State College
308,"10,700",Allendale,GLIAC,DII,,,,,Lakers,,,Grand Valley State,Lubbers Stadium,Michigan,Grand Valley State University
309,"6,500",Searcy,GAC,DII,,,,,Bisons,,,Harding,First Security Stadium,Arkansas,Harding University
310,"9,600",Arkadelphia,GAC,DII,,,,,Reddies,,,Henderson State,Carpenter-Haygood Stadium at Ruggles Field,Arkansas,Henderson State University
311,"8,500",Hillsdale,G-MAC,DII,,,,,Chargers,,,Hillsdale,"Frank ""Muddy"" Waters Stadium",Michigan,Hillsdale College
312,"6,000",Indiana,PSAC,DII,,,,,Crimson Hawks,,,Indiana (PA),Frank Cignetti Field at George P. Miller Stadium,Pennsylvania,Indiana University of Pennsylvania
313,"5,500",Indianapolis,GLVC,DII,,,,,Greyhounds,,,Indianapolis,Key Stadium,Indiana,University of Indianapolis
314,"4,500",Charlotte,CIAA,DII,,,,,Golden Bulls,,,Johnson C. Smith,Irwin Belk Complex,North Carolina,Johnson C. Smith University
315,"5,000",Frankfort,SIAC,DII,,,,,Thorobreds,,,Kentucky State,Alumni Field,Kentucky,Kentucky State University
316,"3,000",Owensboro,G-MAC,DII,,,,,Panthers,,,Kentucky Wesleyan College,Steele Stadium,Kentucky,Kentucky Wesleyan College
317,"5,600",Kutztown,PSAC,DII,,,,,Golden Bears,,,Kutztown Pennsylvania,University Field at Andre Reed Stadium,Pennsylvania,Kutztown University of Pennsylvania
318,"2,500",Painesville,G-MAC,DII,,,,,Storm,,,Lake Erie College,Jack Britt Memorial Stadium,Ohio,Lake Erie College
319,"3,500",Jackson,SIAC,DII,,,,,Dragons,,,Lane,Rothrock Stadium,Tennessee,Lane College
320,"8,500",Hickory,SAC,DII,,,,,Bears,,,Lenoir-Rhyne,Moretz Stadium,North Carolina,Lenoir–Rhyne University
321,"8,250",Gaffney,SAC,DII,,,,,Saints,[D2 6],,Limestone College,The Reservation,South Carolina,Limestone College
322,"3,000",Jefferson City,MIAA,DII,,,,,Blue Tigers,[D2 7],,Lincoln  (MO),Dwight T. Reed Stadium,Missouri,Lincoln University (MO)
323,"2,600",Lower Oxford,CIAA,DII,,,,,Lions,,,Lincoln  (PA),Lincoln Stadium,Pennsylvania,Lincoln University (PA)
324,"7,450",St. Charles,GLVC,DII,,,,,Lions,,,Lindenwood,Harlen C. Hunter Stadium,Missouri,Lindenwood University
325,"5,500",Salisbury,CIAA,DII,,,,,Blue Bears,,,Livingstone,Alumni Memorial Stadium,North Carolina,Livingstone College
326,"3,500",Lock Haven,PSAC,DII,,,,,Bald Eagles,,,Lock Haven Pennsylvania,Hubert Jack Stadium,Pennsylvania,Lock Haven University of Pennsylvania
327,"5,000",Mars Hill,SAC,DII,,,,,Lions,,,Mars Hill,Meares Stadium,North Carolina,Mars Hill University
328,"7,000",Bismarck,NSIC,DII,,,,,Marauders,,,Mary,Bismarck Community Bowl,North Dakota,University of Mary
329,"2,000",Lebanon,GLVC,DII,,,,,Bearcats,,,McKendree,Leemon Stadium,Illinois,McKendree University
330,"2,300",Erie,PSAC,DII,,,,,Lakers,,,Mercyhurst,Louis J. Tullio Field,Pennsylvania,Mercyhurst University
331,"3,000",Houghton,GLIAC,DII,,,,,Huskies,,,Michigan Tech,Sherman Field,Michigan,Michigan Technological University
332,"14,500",Wichita Falls,LSC,DII,,,,,Mustangs,,,Midwestern State,Memorial Stadium,Texas,Midwestern State University
333,"8,500",Fairfield,SIAC,DII,,,,,Golden Bears,,,Miles College,Albert J. Sloan–Alumni Stadium,Alabama,Miles College
334,"6,500",Millersville,PSAC,DII,,,,,Marauders,,,Millersville Pennsylvania,Biemesderfer Stadium,Pennsylvania,Millersville University of Pennsylvania
335,"7,500",Mankato,NSIC,DII,,,,,Mavericks,,,"Minnesota State , Mankato",Blakeslee Stadium,Minnesota,"Minnesota State University, Mankato"
336,"5,000",Moorhead,NSIC,DII,,,,,Dragons,,,Minnesota State  Moorhead,Alex Nemzek Stadium,Minnesota,Minnesota State University Moorhead
337,"2,000",Crookston,NSIC,DII,,,,,Eagles,,,Minnesota Crookston,Ed Widseth Field,Minnesota,University of Minnesota Crookston
338,"4,000",Duluth,NSIC,DII,,,,,Bulldogs,,,Minnesota Duluth,Griggs Field at James S. Malosky Stadium,Minnesota,University of Minnesota Duluth
339,"4,500",Minot,NSIC,DII,,,,,Beavers,,,Minot State,Herb Parker Stadium,North Dakota,Minot State University
340,"8,500",Clinton,Gulf South,DII,,,,,Choctaws,,,Mississippi College,Robinson-Hale Stadium,Mississippi,Mississippi College
341,"8,000",Rolla,GLVC,DII,,,,,Miners,,,Missouri Science and Technology,Allgood-Bailey Stadium,Missouri,Missouri University of Science and Technology
342,"7,000",Joplin,MIAA,DII,,,,,Lions,,,Missouri Southern,Fred G. Hughes Stadium,Missouri,Missouri Southern State University
343,"7,500",St. Joseph,MIAA,DII,,,,,Griffons,,,Missouri Western State,Spratt Stadium,Missouri,Missouri Western State University
344,"9,850",Atlanta,SIAC,DII,,,,,Maroon Tigers,,,Morehouse,B. T. Harvey Stadium,Georgia,Morehouse College
345,"6,000",Kearney,MIAA,DII,,,,,Lopers,,,Nebraska at Kearney,Ron & Carol Cope Stadium,Nebraska,University of Nebraska at Kearney
346,"3,500",West Haven,NE-10,DII,,,,,Chargers,,,New Haven,Ralph F. DellaCamera Stadium,Connecticut,University of New Haven
347,"5,000",Las Vegas,RMAC,DII,,,,,Cowboys,,,New Mexico Highlands,Perkins Stadium,New Mexico,New Mexico Highlands University
348,"4,000",Newberry,SAC,DII,,,,,Wolves,,,Newberry,Setzler Field,South Carolina,Newberry College
349,"2,500",Pembroke,Independent,DII,,,,,Braves,[D2 8],,North Carolina at Pembroke,Grace P. Johnson Stadium,North Carolina,University of North Carolina at Pembroke
350,"5,000",Tigerville,Gulf South,DII,,,,,Crusaders,[D2 9],,North Greenville,Younts Stadium,South Carolina,North Greenville University
351,"8,300",Tahlequah,MIAA,DII,,,,,RiverHawks,,,Northeastern State,Doc Wadley Stadium,Oklahoma,Northeastern State University
352,"8,000",Marquette,GLIAC,DII,,,,,Wildcats,,,Northern Michigan,Superior Dome,Michigan,Northern Michigan University
353,"6,000",Aberdeen,NSIC,DII,,,,,Wolves,,,Northern State,Swisher Field,South Dakota,Northern State University
354,"6,500",Maryville,MIAA,DII,,,,,Bearcats,,,NW Missouri State,Bearcat Stadium,Missouri,Northwest Missouri State University
355,"6,000",Alva,GAC,DII,,,,,Rangers,,,NW Oklahoma State,Ranger Field,Oklahoma,Northwestern Oklahoma State University
356,"3,000",Midland,GLIAC,DII,,,,,Timberwolves,,,Northwood,Hantz Stadium,Michigan,Northwood University
357,"3,000",South Euclid,MEC,DII,,,,,Falcons,,,Notre Dame College,Korb Field,Ohio,Notre Dame College
358,"1,750",Columbus,G-MAC,DII,,,,,Panthers,,,Ohio Dominican,Panther Field,Ohio,Ohio Dominican University
359,"2,500",Shawnee,GAC,DII,,,,,Bison,,,Oklahoma Baptist,Crain Family Stadium,Oklahoma,Oklahoma Baptist University
360,"5,225",Arkadelphia,GAC,DII,,,,,Tigers,,,Ouachita Baptist,Cliff Harris Stadium,Arkansas,Ouachita Baptist University
361,"1,500",Pleasantville,NE-10,DII,,,,,Setters,,,Pace,Pace Field,New York,Pace University
362,"8,344",Pittsburg,MIAA,DII,,,,,Gorillas,,,Pittsburg State,Carnie Smith Stadium,Kansas,Pittsburg State University
363,"4,000",Quincy,GLVC,DII,,,,,Hawks,,,Quincy,Flinn Stadium,Illinois,Quincy University
364,"6,300",University Center,GLIAC,DII,,,,,Cardinals,,,Saginaw Valley State,Wickes Memorial Stadium,Michigan,Saginaw Valley State University
365,"4,500",Goffstown,NE-10,DII,,,,,Hawks,,,Saint Anselm College,Grappone Stadium,New Hampshire,Saint Anselm College
366,"2,500",Raleigh,CIAA,DII,,,,,Falcons,,,Saint Augustine's,George Williams Athletic Complex,North Carolina,Saint Augustine's University
367,"4,198",St. Cloud,NSIC,DII,,,,,Huskies,,,St. Cloud State,Husky Stadium,Minnesota,St. Cloud State University
368,"8,500",Savannah,SIAC,DII,,,,,Tigers,[D2 10],,Savannah State,Theodore A. Wright Stadium,Georgia,Savannah State University
369,"5,000",Greensburg,PSAC,DII,,,,,Griffins,,,Seton Hill,Offutt Field,Pennsylvania,Seton Hill University
370,"8,500",Raleigh,CIAA,DII,,,,,Bears,,,Shaw,Durham County Stadium,North Carolina,Shaw University
371,"5,000",Shepherdstown,PSAC,DII,,,,,Rams,,,Shepherd,Ram Stadium,West Virginia,Shepherd University
372,"7,700",Shippensburg,PSAC,DII,,,,,Red Raiders,,,Shippensburg Pennsylvania,Seth Grove Stadium,Pennsylvania,Shippensburg University of Pennsylvania
373,"6,500",Rome,Gulf South,DII,,,,,Hawks,,,Shorter,Barron Stadium,Georgia,Shorter University
374,"4,200",Burnaby,GNAC,DII,,,,,Clan,,,Simon Fraser,Swangard Stadium,British Columbia,Simon Fraser University
375,"5,400",Sioux Falls,NSIC,DII,,,,,Cougars,,,Sioux Falls,Bob Young Field,South Dakota,University of Sioux Falls
376,"10,000",Slippery Rock,PSAC,DII,,,,,The Rock,,,Slippery Rock,N. Kerr Thompson Stadium,Pennsylvania,Slippery Rock University of Pennsylvania
377,"4,000",Rapid City,RMAC,DII,,,,,Hardrockers,,,South Dakota School of Mines and Technology,Dunham Field at O'Harra Stadium,South Dakota,South Dakota School of Mines and Technology
378,"9,000",Durant,GAC,DII,,,,,Savage Storm,,,Southeastern Oklahoma State,Paul Laird Field,Oklahoma,Southeastern Oklahoma State University
379,"6,000",Magnolia,GAC,DII,,,,,Muleriders,,,Southern Arkansas,Wilkins Stadium,Arkansas,Southern Arkansas University
380,"6,000",New Haven,NE-10,DII,,,,,Fighting Owls,,,Southern Connecticut State,Jess Dow Field,Connecticut,Southern Connecticut State University
381,"2,500",Bethany,GAC,DII,,,,,Crimson Storm,,,Southern Nazarene,SNU Stadium,Oklahoma,Southern Nazarene University
382,"2,500",Bolivar,GLVC,DII,,,,,Bearcats,,,Southwest Baptist,Plaster Stadium,Missouri,Southwest Baptist University
383,"3,500",Marshall,NSIC,DII,,,,,Mustangs,,,Southwest Minnesota State,Mattke Field at the Regional Events Center,Minnesota,Southwest Minnesota State University
384,"8,600",Weatherford,GAC,DII,,,,,Bulldogs,,,Southwestern Oklahoma State,ASAP Energy Field at Milam Stadium,Oklahoma,Southwestern Oklahoma State University
385,"2,400",Easton,NE-10,DII,,,,,Skyhawks,,,Stonehill College,W.B. Mason Stadium,Massachusetts,Stonehill College
386,"7,000",Stephenville,LSC,DII,,,,,Texans,,,Tarleton State,Memorial Stadium,Texas,Tarleton State University
387,"13,500",Commerce,LSC,DII,,,,,Lions,,,Texas A&M-Commerce,Memorial Stadium,Texas,Texas A&M University–Commerce
388,"15,000",Kingsville,LSC,DII,,,,,Javelinas,,,Texas A&M-Kingsville,Javelina Stadium,Texas,Texas A&M University–Kingsville
389,"19,302",Odessa,LSC,DII,,,,,Falcons,,,Texas of the Permian Basin,Ratliff Stadium,Texas,University of Texas of the Permian Basin
390,"4,500",Tiffin,G-MAC,DII,,,,,Dragons,,,Tiffin,Frost-Kalnow Stadium,Ohio,Tiffin University
391,"4,000",Kirksville,GLVC,DII,,,,,Bulldogs,,,Truman State,Stokes Stadium,Missouri,Truman State University
392,"3,500",Tusculum,SAC,DII,,,,,Pioneers,,,Tusculum,Pioneer Field,Tennessee,Tusculum University
393,"10,000",Tuskegee,SIAC,DII,,,,,Golden Tigers,,,Tuskegee,Abbott Memorial Alumni Stadium,Alabama,Tuskegee University
394,"3,500",Fayette,NSIC,DII,,,,,Peacocks,,,Upper Iowa,Eischeid Stadium,Iowa,Upper Iowa University
395,"3,000",Urbana,MEC,DII,,,,,Blue Knights,,,Urbana,Urbana University Stadium,Ohio,Urbana University
396,"11,211",Valdosta,Gulf South,DII,,,,,Blazers,,,Valdosta State,Bazemore–Hyder Stadium,Georgia,Valdosta State University
397,"7,909",Ettrick,CIAA,DII,,,,,Trojans,,,Virginia State,Rogers Stadium,Virginia,Virginia State University
398,"10,000",Richmond,CIAA,DII,,,,,Panthers,,,Virginia Union,Hovey Field,Virginia,Virginia Union University
399,"3,100",Wise,SAC,DII,,,,,Cavaliers,,,Virginia's College at Wise,Carl Smith Stadium,Virginia,University of Virginia's College at Wise
400,"23,000",Canton,G-MAC,DII,,,,,Cavaliers,,,Walsh,Tom Benson Hall of Fame Stadium,Ohio,Walsh University
401,"7,250",Topeka,MIAA,DII,,,,,Ichabods,,,Washburn,Yager Stadium at Moore Bowl,Kansas,Washburn University
402,"6,000",Detroit,GLIAC,DII,,,,,Warriors,,,Wayne State,Tom Adams Field,Michigan,Wayne State University
403,"3,500",Wayne,NSIC,DII,,,,,Wildcats,,,Wayne State College,Memorial Stadium,Nebraska,Wayne State College
404,"7,000",Livingston,Gulf South,DII,,,,,Tigers,,,West Alabama,Tiger Stadium,Alabama,University of West Alabama
405,"7,500",West Chester,PSAC,DII,,,,,Golden Rams,,,West Chester,John A. Farrell Stadium,Pennsylvania,West Chester University
406,"5,083",Pensacola,Gulf South,DII,,,,,Argonauts,,,West Florida,Blue Wahoos Stadium,Florida,University of West Florida
407,"13,733",Carrollton,Gulf South,DII,,,,,Wolves,,,West Georgia,University Stadium,Georgia,University of West Georgia
408,"3,200",West Liberty,MEC,DII,,,,,Hilltoppers,,,West Liberty,West Family Stadium,West Virginia,West Liberty University
409,"20,000",Canyon,LSC,DII,,,,,Buffaloes,,,West Texas A&M,Kimbrough Memorial Stadium,Texas,West Texas A&M University
410,"5,000",Institute,MEC,DII,,,,,Yellow Jackets,,,West Virginia State,Lakin Field,West Virginia,West Virginia State University
411,"3,000",Buckhannon,MEC,DII,,,,,Bobcats,,,West Virginia Wesleyan College,Cebe Ross Field,West Virginia,West Virginia Wesleyan College
412,"4,000",Gunnison,RMAC,DII,,,,,Mountaineers,,,Western Colorado,Mountaineer Bowl,Colorado,Western Colorado University
413,"3,000",Silver City,LSC,DII,,,,,Mustangs,,,West. New Mexico,Ben Altamirano Memorial Stadium,New Mexico,Western New Mexico University
414,"2,500",Monmouth,GNAC,DII,,,,,Wolves,,,Western Oregon,McArthur Field,Oregon,Western Oregon University
415,,Wheeling,MEC,DII,,,,,Cardinals,[1],,Wheeling,Bishop Schmitt Field,West Virginia,Wheeling University
416,"7,000",Liberty,GLVC,DII,,,,,Cardinals,,,William Jewell College,Greene Stadium,Missouri,William Jewell College
417,"3,000",Wingate,SAC,DII,,,,,Bulldogs,,,Wingate,Irwin Belk Stadium,North Carolina,Wingate University
418,"3,500",Winona,NSIC,DII,,,,,Warriors,,,Winona State,Maxwell Field at Warrior Stadium,Minnesota,Winona State University
419,"22,000",Winston–Salem,CIAA,DII,,,,,Rams,,,Winston-Salem State,Bowman Gray Stadium,North Carolina,Winston–Salem State University
420,,Adrian,MIAA,DIII,,,,,Bulldogs,,,Adrian,,Michigan,Adrian
421,,Albion,MIAA,DIII,,,,,Britons,,,Albion,,Michigan,Albion
422,,Reading,MAC,DIII,,,,,Lions,,,Albright,,Pennsylvania,Albright
423,,Alfred,Empire 8,DIII,,,,,Saxons,,,Alfred,,New York,Alfred
424,,Alfred,ECFC,DIII,,,,,Pioneers,,,Alfred State,,New York,Alfred State
425,,Meadville,NCAC,DIII,,,,,Gators,,,Allegheny,,Pennsylvania,Allegheny
426,,Alma,MIAA,DIII,,,,,Scots,,,Alma,,Michigan,Alma
427,,Reading,MAC,DIII,,,,,Golden Wolves,,,Alvernia,,Pennsylvania,Alvernia
428,,Amherst,NESCAC,DIII,,,,,Mammoths,,,Amherst,,Massachusetts,Amherst
429,,Anderson,HCAC,DIII,,,,,Ravens,,,Anderson,,Indiana,Anderson
430,,Paxton,ECFC,DIII,,,,,AMCATS,,,Anna Maria,,Massachusetts,Anna Maria
431,,Minneapolis,MIAC,DIII,,,,,Auggies,,,Augsburg,,Minnesota,Augsburg
432,,Rock Island,CCIW,DIII,,,,,Vikings,,,Augustana (IL),,Illinois,Augustana (IL)
433,,Aurora,NACC,DIII,,,,,Spartans,,,Aurora,,Illinois,Aurora
434,,Sherman,SAA,DIII,,,,,Kangaroos,,,Austin,,Texas,Austin
435,,Danville,USA South,DIII,,,,,Cougars,,,Averett,,Virginia,Averett
436,,Berea,OAC,DIII,,,,,Yellow Jackets,,,Baldwin Wallace,,Ohio,Baldwin Wallace
437,,Lewiston,NESCAC,DIII,,,,,Bobcats,,,Bates,,Maine,Bates
438,,Leicester,CCC Football,DIII,,,,,Hawks,,,Becker,,Massachusetts,Becker
439,,Jackson,ASC,DIII,,,,,Blazers,,,Belhaven,,Mississippi,Belhaven
440,,Beloit,MWC,DIII,,,,,Buccaneers,,,Beloit,,Wisconsin,Beloit
441,,Lisle,NACC,DIII,,,,,Eagles,,,Benedictine,,Illinois,Benedictine
442,,Mount Berry,SAA,DIII,,,,,Vikings,,,Berry,,Georgia,Berry
443,,Bethany,PAC,DIII,,,,,Bison,,,Bethany,,West Virginia,Bethany
444,,Arden Hills,MIAC,DIII,,,,,Royals,,,Bethel,,Minnesota,Bethel
445,,Birmingham,SAA,DIII,,,,,Panthers,,,Birmingham-Southern,,Alabama,Birmingham-Southern
446,,Bluffton,HCAC,DIII,,,,,Beavers,,,Bluffton,,Ohio,Bluffton
447,,Brunswick,NESCAC,DIII,,,,,Polar Bears,,,Bowdoin,,Maine,Bowdoin
448,,Brevard,USA South,DIII,,,,,Tornados,,,Brevard[a],,North Carolina,Brevard[a]
449,,Bridgewater,ODAC,DIII,,,,,Eagles,,,Bridgewater,,Virginia,Bridgewater
450,,Bridgewater,MASCAC,DIII,,,,,Bears,,,Bridgewater State,,Massachusetts,Bridgewater State
451,,Brockport,Empire 8,DIII,,,,,Golden Eagles,,,Brockport,,New York,Brockport
452,,Storm Lake,ARC,DIII,,,,,Beavers,,,Buena Vista,,Iowa,Buena Vista
453,,Buffalo,Liberty,DIII,,,,,Bengals,,,Buffalo State,,New York,Buffalo State
454,,Thousand Oaks,SCIAC,DIII,,,,,Kingsmen,,,Cal Lutheran,,California,Cal Lutheran
455,,Columbus,OAC,DIII,,,,,Crusaders,,,Capital,,Ohio,Capital
456,,Northfield,MIAC,DIII,,,,,Knights,,,Carleton,,Minnesota,Carleton
457,,Pittsburgh,PAC,DIII,,,,,Tartans,,,Carnegie Mellon,,Pennsylvania,Carnegie Mellon
458,,Waukesha,CCIW,DIII,,,,,Pioneers,,,Carroll (WI),,Wisconsin,Carroll (WI)
459,,Kenosha,CCIW,DIII,,,,,Red Men,,,Carthage,,Wisconsin,Carthage
460,,Cleveland,PAC,DIII,,,,,Spartans,,,Case Western Reserve,,Ohio,Case Western Reserve
461,,Castleton,ECFC,DIII,,,,,Spartans,,,Castleton,,Vermont,Castleton
462,,Washington,NEWMAC,DIII,,,,,Cardinals,,,Catholic,,District of Columbia,Catholic
463,,Pella,ARC,DIII,,,,,Dutch,,,Central (IA),,Iowa,Central (IA)
464,,Danville,SAA,DIII,,,,,Colonels,,,Centre,,Kentucky,Centre
465,,Orange,SCIAC,DIII,,,,,Panthers,,,Chapman,,California,Chapman
466,,Chicago,MWC,DIII,,,,,Maroons,,,Chicago,,Illinois,Chicago
467,,Newport News,NJAC,DIII,,,,,Captains,,,Christopher Newport,,Virginia,Christopher Newport
468,,Claremont,SCIAC,DIII,,,,,Stags,,,Claremont-Mudd-Scripps,,California,Claremont-Mudd-Scripps
469,,New London,NEWMAC,DIII,,,,,Bears,,,Coast Guard,,Connecticut,Coast Guard
470,,Cedar Rapids,ARC,DIII,,,,,Kohawks,,,Coe,,Iowa,Coe
471,,Waterville,NESCAC,DIII,,,,,White Mules,,,Colby,,Maine,Colby
472,,Ewing,NJAC,DIII,,,,,Lions,,,College of New Jersey,,New Jersey,College of New Jersey
473,,River Forest,NACC,DIII,,,,,Cougars,,,Concordia (IL),,Illinois,Concordia (IL)
474,,Moorhead,MIAC,DIII,,,,,Cobbers,,,Concordia (Moorhead),,Minnesota,Concordia (Moorhead)
475,,Mequon,NACC,DIII,,,,,Falcons,,,Concordia (WI),,Wisconsin,Concordia (WI)
476,,Mount Vernon,MWC,DIII,,,,,Rams,,,Cornell (IA),,Iowa,Cornell (IA)
477,,Cortland,Empire 8,DIII,,,,,Red Dragons,,,Cortland State,,New York,Cortland State
478,,St. Bonifacius,UMAC,DIII,,,,,Storm,,,Crown,,Minnesota,Crown
479,,Milton,CCC Football,DIII,,,,,Colonels,,,Curry,,Massachusetts,Curry
480,,Franklin,ECFC,DIII,,,,,Bulldogs,,,Dean,,Massachusetts,Dean
481,,Defiance,HCAC,DIII,,,,,YellowJackets,,,Defiance,,Ohio,Defiance
482,,Doylestown,MAC,DIII,,,,,Aggies,,,Delaware Valley,,Pennsylvania,Delaware Valley
483,,Granville,NCAC,DIII,,,,,Big Red,,,Denison,,Ohio,Denison
484,,Greencastle,NCAC,DIII,,,,,Tigers,,,DePauw,,Indiana,DePauw
485,,Carlisle,Centennial,DIII,,,,,Red Devils,,,Dickinson,,Pennsylvania,Dickinson
486,,Dubuque,ARC,DIII,,,,,Spartans,,,Dubuque,,Iowa,Dubuque
487,,Marshall,ASC,DIII,,,,,Tigers,,,East Texas Baptist,,Texas,East Texas Baptist
488,,Elmhurst,CCIW,DIII,,,,,Bluejays,,,Elmhurst,,Illinois,Elmhurst
489,,Emory,ODAC,DIII,,,,,Wasps,,,Emory & Henry,,Virginia,Emory & Henry
490,,Beverly,CCC Football,DIII,,,,,Gulls,,,Endicott,,Massachusetts,Endicott
491,,Eureka,UMAC,DIII,,,,,Red Devils,,,Eureka,,Illinois,Eureka
492,,Madison,MAC,DIII,,,,,Devils,,,FDU-Florham,,New Jersey,FDU-Florham
493,,Ferrum,ODAC,DIII,,,,,Panthers,,,Ferrum,,Virginia,Ferrum
494,,Hancock,MIAA,DIII,,,,,Lions,,,Finlandia,,Michigan,Finlandia
495,,Fitchburg,MASCAC,DIII,,,,,Falcons,,,Fitchburg State,,Massachusetts,Fitchburg State
496,,Framingham,MASCAC,DIII,,,,,Rams,,,Framingham State,,Massachusetts,Framingham State
497,,Franklin,HCAC,DIII,,,,,Grizzlies,,,Franklin,,Indiana,Franklin
498,,Lancaster,Centennial,DIII,,,,,Diplomats,,,Franklin & Marshall,,Pennsylvania,Franklin & Marshall
499,,Washington,ECFC,DIII,,,,,Bison,,,Gallaudet,,District of Columbia,Gallaudet
500,,Beaver Falls,PAC,DIII,,,,,Golden Tornadoes,,,Geneva,,Pennsylvania,Geneva
501,,Newberg,NWC,DIII,,,,,Bruins,,,George Fox,,Oregon,George Fox
502,,Gettysburg,Centennial,DIII,,,,,Bullets,,,Gettysburg,,Pennsylvania,Gettysburg
503,,Greensboro,USA South,DIII,,,,,Pride,,,Greensboro,,North Carolina,Greensboro
504,,Greenville,UMAC,DIII,,,,,Panthers,,,Greenville,,Illinois,Greenville
505,,Grinnell,MWC,DIII,,,,,Pioneers,,,Grinnell,,Iowa,Grinnell
506,,Grove City,PAC,DIII,,,,,Wolverines,,,Grove City,,Pennsylvania,Grove City
507,,Greensboro,ODAC,DIII,,,,,Quakers,,,Guilford,,North Carolina,Guilford
508,,St. Peter,MIAC,DIII,,,,,Gusties,,,Gustavus Adolphus,,Minnesota,Gustavus Adolphus
509,,Clinton,NESCAC,DIII,,,,,Continentals,,,Hamilton,,New York,Hamilton
510,,St. Paul,MIAC,DIII,,,,,Pipers,,,Hamline,,Minnesota,Hamline
511,,Hampden Sydney,ODAC,DIII,,,,,Tigers,,,Hampden–Sydney,,Virginia,Hampden–Sydney
512,,Hanover,HCAC,DIII,,,,,Panthers,,,Hanover,,Indiana,Hanover
513,,Abilene,ASC,DIII,,,,,Cowboys,,,Hardin–Simmons,,Texas,Hardin–Simmons
514,,Oneonta,Empire 8,DIII,,,,,Hawks,,,Hartwick,,New York,Hartwick
515,,Tiffin,OAC,DIII,,,,,Student Princes,,,Heidelberg,,Ohio,Heidelberg
516,,Conway,SAA,DIII,,,,,Warriors,,,Hendrix,,Arkansas,Hendrix
517,,Hiram,NCAC,DIII,,,,,Terriers,,,Hiram,,Ohio,Hiram
518,,Geneva,Liberty,DIII,,,,,Statesmen,,,Hobart,,New York,Hobart
519,,Holland,MIAA,DIII,,,,,Flying Dutchmen,,,Hope,,Michigan,Hope
520,,Brownwood,ASC,DIII,,,,,Yellow Jackets,,,Howard Payne,,Texas,Howard Payne
521,,Montgomery,USA South,DIII,,,,,Hawks,,,Huntingdon,,Alabama,Huntingdon
522,,Bangor,CCC Football,DIII,,,,,Eagles,,,Husson,,Maine,Husson
523,,Jacksonville,MWC,DIII,,,,,Blueboys,,,Illinois College,,Illinois,Illinois College
524,,Bloomington,CCIW,DIII,,,,,Titans,,,Illinois Wesleyan,,Illinois,Illinois Wesleyan
525,,Mt. Pleasant,UMAC,DIII,,,,,Tigers,,,Iowa Wesleyan,,Iowa,Iowa Wesleyan
526,,Ithaca,Liberty,DIII,,,,,Bombers,,,Ithaca,,New York,Ithaca
527,,University Heights,OAC,DIII,,,,,Blue Streaks,,,John Carroll,,Ohio,John Carroll
528,,Baltimore,Centennial,DIII,,,,,Blue Jays,,,Johns Hopkins,,Maryland,Johns Hopkins
529,,Huntingdon,Centennial,DIII,,,,,Eagles,,,Juniata,,Pennsylvania,Juniata
530,,Kalamazoo,MIAA,DIII,,,,,Hornets,,,Kalamazoo,,Michigan,Kalamazoo
531,,Union Township,NJAC,DIII,,,,,Cougars,,,Kean,,New Jersey,Kean
532,,Gambier,NCAC,DIII,,,,,Lords,,,Kenyon,,Ohio,Kenyon
533,,Wilkes-Barre,MAC,DIII,,,,,Monarchs,,,King's,,Pennsylvania,King's
534,,Galesburg,MWC,DIII,,,,,Prairie Fire,,,Knox,,Illinois,Knox
535,,La Verne,SCIAC,DIII,,,,,Leopards,,,La Verne,,California,La Verne
536,,LaGrange,USA South,DIII,,,,,Panthers,,,LaGrange,,Georgia,LaGrange
537,,Lake Forest,MWC,DIII,,,,,Foresters,,,Lake Forest,,Illinois,Lake Forest
538,,Sheboygan,NACC,DIII,,,,,Muskies,,,Lakeland,,Wisconsin,Lakeland
539,,Appleton,MWC,DIII,,,,,Vikings,,,Lawrence,,Wisconsin,Lawrence
540,,Annville,MAC,DIII,,,,,Flying Dutchmen,,,Lebanon Valley,,Pennsylvania,Lebanon Valley
541,,Portland,NWC,DIII,,,,,Pioneers,,,Lewis & Clark,,Oregon,Lewis & Clark
542,,McMinnville,NWC,DIII,,,,,Wildcats,,,Linfield,,Oregon,Linfield
543,,Dubuque,ARC,DIII,,,,,Duhawks,,,Loras,,Iowa,Loras
544,,Pineville,ASC,DIII,,,,,Wildcats,,,Louisiana College,,Louisiana,Louisiana College
545,,Decorah,ARC,DIII,,,,,Norse,,,Luther,,Iowa,Luther
546,,Williamsport,MAC,DIII,,,,,Warriors,,,Lycoming,,Pennsylvania,Lycoming
547,,St. Paul,MWC,DIII,,,,,Scots,,,Macalester,,Minnesota,Macalester
548,,Jacksonville,UMAC,DIII,,,,,Highlanders,,,MacMurray,,Illinois,MacMurray
549,,Castine,NEWMAC,DIII,,,,,Mariners,,,Maine Maritime,,Maine,Maine Maritime
550,,North Manchester,HCAC,DIII,,,,,Spartans,,,Manchester,,Indiana,Manchester
551,,Marietta,OAC,DIII,,,,,Pioneers,,,Marietta,,Ohio,Marietta
552,,New Ulm,UMAC,DIII,,,,,Knights,,,Martin Luther,,Minnesota,Martin Luther
553,,Belton,ASC,DIII,,,,,Crusaders,,,Mary Hardin–Baylor,,Texas,Mary Hardin–Baylor
554,,Maryville,USA South,DIII,,,,,Scots,,,Maryville,,Tennessee,Maryville
555,,North Dartmouth,MASCAC,DIII,,,,,Corsairs,,,UMass Dartmouth,,Massachusetts,UMass Dartmouth
556,,Buzzards Bay,MASCAC,DIII,,,,,Buccaneers,,,Massachusetts Maritime,,Massachusetts,Massachusetts Maritime
557,,Westminster,Centennial,DIII,,,,,Green Terror,,,McDaniel,,Maryland,McDaniel
558,,Abilene,ASC,DIII,,,,,War Hawks,,,McMurry,,Texas,McMurry
559,,Kings Point,NEWMAC,DIII,,,,,Mariners,,,Merchant Marine,,New York,Merchant Marine
560,,Fayetteville,USA South,DIII,,,,,Monarchs,,,Methodist,,North Carolina,Methodist
561,,Middlebury,NESCAC,DIII,,,,,Panthers,,,Middlebury,,Vermont,Middlebury
562,,Decatur,CCIW,DIII,,,,,Big Blue,,,Millikin,,Illinois,Millikin
563,,Jackson,SAA,DIII,,,,,Majors,,,Millsaps,,Mississippi,Millsaps
564,,Morris,UMAC,DIII,,,,,Cougars,,,Minnesota-Morris,,Minnesota,Minnesota-Morris
565,,Dallas,MAC,DIII,,,,,Cougars,,,Misericordia,,Pennsylvania,Misericordia
566,,Cambridge,NEWMAC,DIII,,,,,Engineers,,,MIT,,Massachusetts,MIT
567,,Monmouth,MWC,DIII,,,,,Fighting Scots,,,Monmouth (IL),,Illinois,Monmouth (IL)
568,,Upper Montclair,NJAC,DIII,,,,,Red Hawks,,,Montclair State,,New Jersey,Montclair State
569,,Bethlehem,Centennial,DIII,,,,,Greyhounds,,,Moravian,,Pennsylvania,Moravian
570,,Alliance,OAC,DIII,,,,,Purple Raiders,,,Mount Union,,Ohio,Mount Union
571,,Cincinnati,HCAC,DIII,,,,,Lions,,,Mount St. Joseph,,Ohio,Mount St. Joseph
572,,Allentown,Centennial,DIII,,,,,Mules,,,Muhlenberg,,Pennsylvania,Muhlenberg
573,,New Concord,OAC,DIII,,,,,Fighting Muskies,,,Muskingum,,Ohio,Muskingum
574,,Lincoln,ARC,DIII,,,,,Prairie Wolves,,,Nebraska Wesleyan,,Nebraska,Nebraska Wesleyan
575,,Biddeford,CCC Football,DIII,,,,,Nor'easters,,,New England (ME),,Maine,New England (ME)
576,,Dudley,CCC Football,DIII,,,,,Bison,,,Nichols,,Massachusetts,Nichols
577,,Rocky Mount,USA South,DIII,,,,,Battling Bishops,,,North Carolina Wesleyan,,North Carolina,North Carolina Wesleyan
578,,Naperville,CCIW,DIII,,,,,Cardinals,,,North Central,,Illinois,North Central
579,,Chicago,CCIW,DIII,,,,,Vikings,,,North Park,,Illinois,North Park
580,,Roseville,UMAC,DIII,,,,,Eagles,,,Northwestern (MN),,Minnesota,Northwestern (MN)
581,,Northfield,NEWMAC,DIII,,,,,Cadets,,,Norwich,,Vermont,Norwich
582,,Oberlin,NCAC,DIII,,,,,Yeomen,,,Oberlin,,Ohio,Oberlin
583,,Eagle Rock,SCIAC,DIII,,,,,Tigers,,,Occidental,,California,Occidental
584,,Ada,OAC,DIII,,,,,Polar Bears,,,Ohio Northern,,Ohio,Ohio Northern
585,,Delaware,NCAC,DIII,,,,,Battling Bishops,,,Ohio Wesleyan,,Ohio,Ohio Wesleyan
586,,Olivet,MIAA,DIII,,,,,Comets,,,Olivet,,Michigan,Olivet
587,,Westerville,OAC,DIII,,,,,Cardinals,,,Otterbein,,Ohio,Otterbein
588,,Forest Grove,NWC,DIII,,,,,Boxers,,,Pacific (OR),,Oregon,Pacific (OR)
589,,Tacoma,NWC,DIII,,,,,Lutes,,,Pacific Lutheran,,Washington,Pacific Lutheran
590,,Plymouth,MASCAC,DIII,,,,,Panthers,,,Plymouth State,,New Hampshire,Plymouth State
591,,Claremont,SCIAC,DIII,,,,,Sagehens,,,Pomona-Pitzer,,California,Pomona-Pitzer
592,,Tacoma,NWC,DIII,,,,,Loggers,,,Puget Sound,,Washington,Puget Sound
593,,Ashland,ODAC,DIII,,,,,Yellow Jackets,,,Randolph–Macon,,Virginia,Randolph–Macon
594,,Redlands,SCIAC,DIII,,,,,Bulldogs,,,Redlands,,California,Redlands
595,,Memphis,SAA,DIII,,,,,Lynx,,,Rhodes,,Tennessee,Rhodes
596,,Ripon,MWC,DIII,,,,,Red Hawks,,,Ripon,,Wisconsin,Ripon
597,,Rochester,Liberty,DIII,,,,,Yellowjackets,,,Rochester,,New York,Rochester
598,,Rockford,NACC,DIII,,,,,Regents,,,Rockford,,Illinois,Rockford
599,,Terre Haute,HCAC,DIII,,,,,Engineers,,,Rose–Hulman,,Indiana,Rose–Hulman
600,,Glassboro,NJAC,DIII,,,,,Profs,,,Rowan,,New Jersey,Rowan
601,,Troy,Liberty,DIII,,,,,Engineers,,,RPI,,New York,RPI
602,,Pittsford,Empire 8,DIII,,,,,Cardinals,,,St. John Fisher,,New York,St. John Fisher
603,,Collegeville,MIAC,DIII,,,,,Johnnies,,,St. John's (MN),,Minnesota,St. John's (MN)
604,,Canton,Liberty,DIII,,,,,Saints,,,St. Lawrence,,New York,St. Lawrence
605,,De Pere,MWC,DIII,,,,,Green Knights,,,St. Norbert,,Wisconsin,St. Norbert
606,,Northfield,MIAC,DIII,,,,,Oles,,,St. Olaf,,Minnesota,St. Olaf
607,,Duluth,UMAC,DIII,,,,,Saints,,,St. Scholastica,,Minnesota,St. Scholastica
608,,St. Paul,MIAC,DIII,,,,,Tommies,,,St. Thomas,,Minnesota,St. Thomas
609,,Latrobe,PAC,DIII,,,,,Bearcats,,,St. Vincent,,Pennsylvania,St. Vincent
610,,Salisbury,NJAC,DIII,,,,,Seagulls,,,Salisbury,,Maryland,Salisbury
611,,Newport,CCC Football,DIII,,,,,Seahawks,,,Salve Regina,,Rhode Island,Salve Regina
612,,Sewanee,SAA,DIII,,,,,Tigers,,,Sewanee,,Tennessee,Sewanee
613,,Winchester,ODAC,DIII,,,,,Hornets,,,Shenandoah,,Virginia,Shenandoah
614,,Indianola,ARC,DIII,,,,,Storm,,,Simpson,,Iowa,Simpson
615,,Buena Vista,ODAC,DIII,,,,,Knights,,,Southern Virginia,,Virginia,Southern Virginia
616,,Georgetown,ASC,DIII,,,,,Pirates,,,Southwestern,,Texas,Southwestern
617,,Springfield,NEWMAC,DIII,,,,,Pride,,,Springfield,,Massachusetts,Springfield
618,,Owings Mills,MAC,DIII,,,,,Mustangs,,,Stevenson,,Maryland,Stevenson
619,,Alpine,ASC,DIII,,,,,Lobos,,,Sul Ross State,,Texas,Sul Ross State
620,,Bronx,ECFC,DIII,,,,,Privateers,,,SUNY-Maritime,,New York,SUNY-Maritime
621,,Morrisville,Empire 8,DIII,,,,,Mustangs,,,SUNY-Morrisville,,New York,SUNY-Morrisville
622,,Selinsgrove,Centennial,DIII,,,,,River Hawks,,,Susquehanna,,Pennsylvania,Susquehanna
623,,Seguin,ASC,DIII,,,,,Bulldogs,,,Texas Lutheran,,Texas,Texas Lutheran
624,,Greenville,PAC,DIII,,,,,Tomcats,,,Thiel,,Pennsylvania,Thiel
625,,Angola,MIAA,DIII,,,,,Thunder,,,Trine,,Indiana,Trine
626,,Hartford,NESCAC,DIII,,,,,Bantams,,,Trinity (CT),,Connecticut,Trinity (CT)
627,,San Antonio,SAA,DIII,,,,,Tigers,,,Trinity (TX),,Texas,Trinity (TX)
628,,Medford,NESCAC,DIII,,,,,Jumbos,,,Tufts,,Massachusetts,Tufts
629,,Schenectady,Liberty,DIII,,,,,Dutchmen,,,Union,,New York,Union
630,,Collegeville,Centennial,DIII,,,,,Bears,,,Ursinus,,Pennsylvania,Ursinus
631,,Utica,Empire 8,DIII,,,,,Pioneers,,,Utica,,New York,Utica
632,,Crawfordsville,NCAC,DIII,,,,,Little Giants,,,Wabash,,Indiana,Wabash
633,,Waverly,ARC,DIII,,,,,Knights,,,Wartburg,,Iowa,Wartburg
634,,Washington,PAC,DIII,,,,,Presidents,,,Washington & Jefferson,,Pennsylvania,Washington & Jefferson
635,,Lexington,ODAC,DIII,,,,,Generals,,,Washington & Lee,,Virginia,Washington & Lee
636,,St. Louis,CCIW,DIII,,,,,Bears,,,Washington (MO),,Missouri,Washington (MO)
637,,Waynesburg,PAC,DIII,,,,,Yellow Jackets,,,Waynesburg,,Pennsylvania,Waynesburg
638,,Dover,NJAC,DIII,,,,,Wolverines,,,Wesley,,Delaware,Wesley
639,,Middletown,NESCAC,DIII,,,,,Cardinals,,,Wesleyan,,Connecticut,Wesleyan
640,,Danbury,MASCAC,DIII,,,,,Colonials,,,Western Connecticut,,Connecticut,Western Connecticut
641,,Springfield,CCC Football,DIII,,,,,Golden Bears,,,Western New England,,Massachusetts,Western New England
642,,Westfield,MASCAC,DIII,,,,,Owls,,,Westfield State,,Massachusetts,Westfield State
643,,Fulton,UMAC,DIII,,,,,Blue Jays,,,Westminster (MO),,Missouri,Westminster (MO)
644,,New Wilmington,PAC,DIII,,,,,Titans,,,Westminster (PA),,Pennsylvania,Westminster (PA)
645,,Wheaton,CCIW,DIII,,,,,Thunder,,,Wheaton,,Illinois,Wheaton (IL)
646,,Whittier,SCIAC,DIII,,,,,Poets,,,Whittier,,California,Whittier
647,,Spokane,NWC,DIII,,,,,Pirates,,,Whitworth,,Washington,Whitworth
648,,Chester,MAC,DIII,,,,,Pride,,,Widener,,Pennsylvania,Widener
649,,Wilkes-Barre,MAC,DIII,,,,,Colonels,,,Wilkes,,Pennsylvania,Wilkes
650,,Salem,NWC,DIII,,,,,Bearcats,,,Willamette,,Oregon,Willamette
651,,Wayne,NJAC,DIII,,,,,Pioneers,,,William Paterson,,New Jersey,William Paterson
652,,Williamstown,NESCAC,DIII,,,,,Ephs,,,Williams,,Massachusetts,Williams
653,,Wilmington,OAC,DIII,,,,,Quakers,,,Wilmington,,Ohio,Wilmington
654,,Milwaukee,NACC,DIII,,,,,Warriors,,,Wisconsin Lutheran,,Wisconsin,Wisconsin Lutheran
655,,Eau Claire,WIAC,DIII,,,,,Blugolds,,,UW–Eau Claire,,Wisconsin,UW–Eau Claire
656,,La Crosse,WIAC,DIII,,,,,Eagles,,,UW–La Crosse,,Wisconsin,UW–La Crosse
657,,Oshkosh,WIAC,DIII,,,,,Titans,,,UW–Oshkosh,,Wisconsin,UW–Oshkosh
658,,Platteville,WIAC,DIII,,,,,Pioneers,,,UW–Platteville,,Wisconsin,UW–Platteville
659,,River Falls,WIAC,DIII,,,,,Falcons,,,UW–River Falls,,Wisconsin,UW–River Falls
660,,Stevens Point,WIAC,DIII,,,,,Pointers,,,Wisconsin–Stevens Point,,Wisconsin,UW–Stevens Point
661,,Menomonie,WIAC,DIII,,,,,Blue Devils,,,Wisconsin–Stout,,Wisconsin,UW–Stout
662,,Whitewater,WIAC,DIII,,,,,Warhawks,,,Wisconsin–Whitewater,,Wisconsin,UW–Whitewater
663,,Springfield,NCAC,DIII,,,,,Tigers,,,Wittenberg,,Ohio,Wittenberg
664,,Wooster,NCAC,DIII,,,,,Fighting Scots,,,Wooster,,Ohio,Wooster
665,,Worcester,NEWMAC,DIII,,,,,Engineers,,,Worcester Poly,,Massachusetts,Worcester Poly
666,,Worcester,MASCAC,DIII,,,,,Lancers,,,Worcester State,,Massachusetts,Worcester State
